StartChargeSeq,TradeFlowNo,ConnectorID,StartTime,EndTime,TotalPower,TotalElecMoney,OriginSeviceMoney,TotalSeviceMoney,TotalMoney,StopReason,SumPeriod,ChargeDetails
341803223202308012327360001	,02005020101100000000115301169090365714	,001261810000001153001	,2023-08-01 23:27:27	,2023-08-02 00:00:40	,12.4200,9.2900,5.5900,5.5900,14.8800,,0,[],
341803223202308020005230001	,31401900000029080023080200209816	,3140190000002908001	,2023-08-02 00:04:53	,2023-08-02 00:05:13	,0.0000,0.0000,0.0000,0.0000,0.0000,,0,[],
341803223202308012325320001	,31401900000008990023080101346508	,3140190000000899001	,2023-08-01 23:26:20	,2023-08-02 00:10:41	,24.8900,7.8500,9.9600,9.9600,17.8100,,0,[],
341803223202308012300370001	,88306900000011060023080104022738	,8830690000001106001	,2023-08-01 23:00:48	,2023-08-02 00:12:11	,36.5200,12.9400,14.0600,14.0600,27.0000,,0,[],
341803223202308012239200001	,11402900000008360023080149368236	,1140290000000836001	,2023-08-01 22:39:20	,2023-08-02 00:16:01	,28.0200,15.6300,22.4200,22.4200,38.0500,,0,[],
341803223202308012313570001	,61413900000003810223080187087743	,6141390000000381002	,2023-08-01 23:13:58	,2023-08-02 00:20:39	,26.5500,5.8600,10.6200,10.6200,16.4800,,0,[],
341803223202308012317410001	,31401900000002930023080109266933	,3140190000000293001	,2023-08-01 23:17:53	,2023-08-02 00:23:07	,48.4400,15.2700,14.5300,14.5300,29.8000,,0,[],
341803223202308012300490001	,12101900000226280023080152035906	,1210190000022628001	,2023-08-01 23:00:54	,2023-08-02 00:27:00	,36.1000,14.2400,10.8300,10.8300,25.0700,,0,[],
341803223202308020012360001	,33405900000005450023080222742873	,3340590000000545001	,2023-08-02 00:12:36	,2023-08-02 00:30:59	,15.0600,4.7600,3.5200,3.5200,8.2800,,0,[],
341803223202308012333370001	,33405900000001970023080151124712	,3340590000000197001	,2023-08-01 23:34:25	,2023-08-02 00:36:06	,38.0300,12.0200,8.9000,8.9000,20.9200,,0,[],
341803223202308012332170001	,40001900000000460023080123223087	,4000190000000046001	,2023-08-01 23:32:46	,2023-08-02 00:38:52	,40.4900,14.8000,10.5300,10.5300,25.3300,,0,[],
341803223202308012345570001	,11402900000016290023080126309805	,1140290000001629001	,2023-08-01 23:46:12	,2023-08-02 00:43:53	,19.1600,9.2500,15.3300,15.3300,24.5800,,0,[],
341803223202308012338060001	,50404900000014390023080162687417	,5040490000001439001	,2023-08-01 23:38:09	,2023-08-02 00:50:55	,29.6700,19.5800,7.3100,7.3100,26.8900,,0,[],
341803223202308012359140001	,11402900000208760023080134474874	,1140290000020876001	,2023-08-01 23:59:15	,2023-08-02 00:51:12	,25.8900,12.4900,20.7100,20.7100,33.2000,,0,[],
341803223202308020002160002	,08705020101100000003345701169090573669	,011161550000033457001	,2023-08-02 00:02:29	,2023-08-02 00:57:27	,22.1680,14.7800,7.1600,7.1600,21.9400,,0,[],
341803223202308012323210001	,33405900000001990023080176348239	,3340590000000199001	,2023-08-01 23:23:53	,2023-08-02 01:00:47	,49.1300,15.5300,11.4900,11.4900,27.0200,,0,[],
341803223202308020038380001	,31401900000065910023080235298817	,3140190000006591001	,2023-08-02 00:38:40	,2023-08-02 01:02:10	,23.2000,7.3100,13.9200,13.9200,21.2300,,0,[],
341803223202308020007300001	,31401900000061010023080203029916	,3140190000006101001	,2023-08-02 00:07:13	,2023-08-02 01:02:08	,29.6800,9.3600,7.4200,7.4200,16.7800,,0,[],
341803223202308020033140001	,02005020101100000000098301169090759423	,002071501000000983001	,2023-08-02 00:33:12	,2023-08-02 01:03:02	,24.5500,8.5900,11.0500,11.0500,19.6400,,0,[],
341803223202308020048280001	,37402900000004870223080278769076	,3740290000000487002	,2023-08-02 00:48:29	,2023-08-02 01:03:23	,9.8000,6.8400,1.4700,1.4700,8.3100,,0,[],
341803223202308020014570001	,31401900000019570023080213977818	,3140190000001957001	,2023-08-02 00:15:23	,2023-08-02 01:10:03	,45.4400,14.3300,22.7200,22.7200,37.0500,,0,[],
341803223202308020002360001	,88306900000027040123080250466436	,8830690000002704001	,2023-08-02 00:02:36	,2023-08-02 01:11:47	,40.8200,15.8700,11.0200,11.0200,26.8900,,0,[],
341803223202308020009460001	,33405900000003560023080224910759	,3340590000000356001	,2023-08-02 00:08:09	,2023-08-02 01:10:55	,34.6600,10.9600,6.3700,6.3700,17.3300,,0,[],
341803223202308020019590001	,31101900000000950023080219494891	,3110190000000095001	,2023-08-02 00:20:01	,2023-08-02 01:19:07	,34.0500,10.7400,10.2200,10.2200,20.9600,,0,[],
341803223202308020027180001	,34401900000001200023080207436369	,3440190000000120001	,2023-08-02 00:27:20	,2023-08-02 01:27:49	,38.5500,13.5900,12.3400,12.3400,25.9300,,0,[],
341803223202308020041020001	,88306900000043920223080218697182	,8830690000004392002	,2023-08-02 00:41:02	,2023-08-02 01:30:12	,12.2900,4.7800,6.7600,6.7600,11.5400,,0,[],
341803223202308020034180001	,61413900000003540023080236388349	,6141390000000354001	,2023-08-02 00:32:29	,2023-08-02 01:28:59	,27.2900,6.0200,8.7300,8.7300,14.7500,,0,[],
341803223202308020059230001	,11402900000211150123080202681877	,1140290000021115001	,2023-08-02 00:59:24	,2023-08-02 01:37:23	,30.9500,14.9400,24.7600,24.7600,39.7000,,0,[],
341803223202308020037400001	,31401900000009020023080202512120	,3140190000000902001	,2023-08-02 00:35:29	,2023-08-02 01:37:25	,36.1600,11.4000,14.4600,14.4600,25.8600,,0,[],
341803223202308020124280001	,61401900000000790023080254567208	,6140190000000079001	,2023-08-02 01:23:47	,2023-08-02 01:39:12	,12.2500,2.7000,4.6600,4.6600,7.3600,,0,[],
341803223202308020033250001	,01305020101100000000003302169090759910	,008181617000000033002	,2023-08-02 00:33:25	,2023-08-02 01:49:34	,41.4700,14.5100,14.5100,14.5100,29.0200,,0,[],
341803223202308020038120001	,88304900000011310023080210189016	,8830490000001131001	,2023-08-02 00:38:57	,2023-08-02 01:49:54	,37.7500,10.2200,9.4400,9.4400,19.6600,,0,[],
341803223202308012331390001	,32405900000002350023080149228585	,3240590000000235001	,2023-08-01 23:31:47	,2023-08-02 01:56:30	,24.5200,16.3500,7.9200,7.9200,24.2700,,0,[],
341803223202308020100430001	,61413900000003470023080236615397	,6141390000000347001	,2023-08-02 00:58:17	,2023-08-02 01:55:20	,35.3700,7.8100,11.3200,11.3200,19.1300,,0,[],
341803223202308020121460001	,08705020101100000003380702169091050750	,011231151000033807002	,2023-08-02 01:21:44	,2023-08-02 02:10:43	,35.5120,12.0500,7.1000,7.1000,19.1500,,0,[],
341803223202308020136280001	,88303900000012220023080259887140	,8830390000001222001	,2023-08-02 01:36:30	,2023-08-02 02:19:55	,24.7800,5.4700,9.9100,9.9100,15.3800,,0,[],
341803223202308020221430001	,31401900000009060023080201495507	,3140190000000906001	,2023-08-02 02:21:45	,2023-08-02 02:23:03	,0.3500,0.1100,0.1400,0.1400,0.2500,,0,[],
341803223202308020233200001	,61413900000003760123080285636643	,6141390000000376001	,2023-08-02 02:33:20	,2023-08-02 02:33:45	,0.0000,0.0000,0.0000,0.0000,0.0000,,0,[],
341803223202308020102530001	,35402900000000880023080265145540	,3540290000000088001	,2023-08-02 01:01:48	,2023-08-02 02:36:17	,45.6500,17.9100,14.6100,14.6100,32.5200,,0,[],
341803223202308020235230001	,61413900000003750223080222536364	,6141390000000375002	,2023-08-02 02:35:24	,2023-08-02 02:41:42	,3.9600,0.8700,1.5800,1.5800,2.4500,,0,[],
341803223202308020243170001	,31101900000008680023080209668773	,3110190000000868001	,2023-08-02 02:43:17	,2023-08-02 02:49:30	,5.5600,1.7500,3.3400,3.3400,5.0900,,0,[],
341803223202308020207550001	,88306900000035190123080257426325	,8830690000003519001	,2023-08-02 02:07:55	,2023-08-02 02:51:00	,33.5200,11.8700,12.9100,12.9100,24.7800,,0,[],
341803223202308020154410001	,00605020101100000000271502169091248128	,006300925000002715002	,2023-08-02 01:54:42	,2023-08-02 03:04:14	,42.4600,15.9800,8.3700,8.3700,24.3500,,0,[],
341803223202308020243270001	,02005020101100000000093302169091540820	,001260945000000933002	,2023-08-02 02:43:24	,2023-08-02 03:12:59	,24.4900,8.5700,11.0200,11.0200,19.5900,,0,[],
341803223202308020305270001	,31101900000016120023080230972525	,3110190000001612001	,2023-08-02 03:05:28	,2023-08-02 03:15:38	,9.5800,3.0200,5.7500,5.7500,8.7700,,0,[],
341803223202308020248060001	,31401900000003020023080203580617	,3140190000000302001	,2023-08-02 02:48:08	,2023-08-02 03:33:47	,25.0900,7.9100,7.5300,7.5300,15.4400,,0,[],
341803223202308020257500001	,31401900000009430023080202882582	,3140190000000943001	,2023-08-02 02:57:52	,2023-08-02 03:36:29	,19.0500,6.0100,7.6200,7.6200,13.6300,,0,[],
341803223202308020223200001	,31401900000008990023080201360108	,3140190000000899001	,2023-08-02 02:24:08	,2023-08-02 03:48:51	,42.3900,13.3700,16.9600,16.9600,30.3300,,0,[],
341803223202308020332550001	,33405900000003500023080278511456	,3340590000000350001	,2023-08-02 03:30:46	,2023-08-02 03:57:48	,19.6200,6.2000,3.6100,3.6100,9.8100,,0,[],
341803223202308020350140001	,31401900000002960023080201534443	,3140190000000296001	,2023-08-02 03:50:16	,2023-08-02 04:03:39	,3.8800,1.2200,1.1600,1.1600,2.3800,,0,[],
341803223202308020419350001	,35402900000003260023080291683885	,3540290000000326001	,2023-08-02 04:19:38	,2023-08-02 04:25:03	,0.0100,0.0000,0.0000,0.0000,0.0000,,0,[],
341803223202308020332370001	,31401900000003070023080206035501	,3140190000000307001	,2023-08-02 03:32:28	,2023-08-02 04:35:12	,41.0700,12.9500,12.3200,12.3200,25.2700,,0,[],
341803223202308020524280001	,02005020101100000000279402169092506856	,009081443000002794002	,2023-08-02 05:24:29	,2023-08-02 05:24:29	,0.0000,0.0000,0.0000,0.0000,0.0000,,0,[],
341803223202308020424210001	,42401900000005860023080283512427	,4240190000000586001	,2023-08-02 04:24:21	,2023-08-02 05:27:28	,27.0100,9.1600,6.7500,6.7500,15.9100,,0,[],
341803223202308020518380001	,88601900000010420023080239885580	,8860190000001042001	,2023-08-02 05:16:30	,2023-08-02 05:25:40	,8.5600,3.2500,4.3700,4.3700,7.6200,,0,[],
341803223202308020515260001	,31101900000015840023080209854754	,3110190000001584001	,2023-08-02 05:15:27	,2023-08-02 05:35:22	,11.5900,3.6500,5.8000,5.8000,9.4500,,0,[],
341803223202308020527170001	,12426900000047300023080257018311	,1242690000004730001	,2023-08-02 05:27:05	,2023-08-02 05:50:55	,18.7000,7.3800,6.5500,6.5500,13.9300,,0,[],
341803223202308020526010001	,02005020101100000000279401169092516188	,009081443000002794001	,2023-08-02 05:26:28	,2023-08-02 05:54:44	,11.6050,4.2900,3.4800,3.4800,7.7700,,0,[],
341803223202308020419050001	,88306900000008840023080227506731	,8830690000000884001	,2023-08-02 04:18:57	,2023-08-02 06:01:29	,47.7100,16.9000,14.3100,14.3100,31.2100,,0,[],
341803223202308020527140001	,31101900000013740023080237630228	,3110190000001374001	,2023-08-02 05:27:14	,2023-08-02 06:03:53	,11.8600,3.9400,5.3400,5.3400,9.2800,,0,[],
341803223202308020547020001	,33405900000003600023080298962874	,3340590000000360001	,2023-08-02 05:46:31	,2023-08-02 06:18:38	,26.4200,8.3500,4.8600,4.8600,13.2100,,0,[],
341803223202308020446380001	,35402900000000300023080226789597	,3540290000000030001	,2023-08-02 04:46:37	,2023-08-02 06:23:35	,39.1100,15.3500,14.4700,14.4700,29.8200,,0,[],
341803223202308020630490001	,88701900000020140223080214400688	,8870190000002014002	,2023-08-02 06:30:50	,2023-08-02 06:39:59	,7.9200,2.8300,1.9800,1.9800,4.8100,,0,[],
341803223202308020409180001	,88306900000048320123080214536061	,8830690000004832001	,2023-08-02 04:09:18	,2023-08-02 06:39:59	,14.1700,5.5100,4.2500,4.2500,9.7600,,0,[],
341803223202308020606250001	,12426900000070700123080205315076	,1242690000007070001	,2023-08-02 06:06:25	,2023-08-02 06:41:09	,22.9500,9.0500,9.1800,9.1800,18.2300,,0,[],
341803223202308020645090001	,12426900000070270223080204243191	,1242690000007027002	,2023-08-02 06:45:10	,2023-08-02 06:45:40	,0.0000,0.0000,0.0000,0.0000,0.0000,,0,[],
341803223202308020543340001	,41401900000001470023080284392183	,4140190000000147001	,2023-08-02 05:42:25	,2023-08-02 06:45:03	,22.5400,8.5300,5.6400,5.6400,14.1700,,0,[],
341803223202308020646170001	,12426900000070270123080204254338	,1242690000007027001	,2023-08-02 06:46:18	,2023-08-02 06:46:45	,0.0000,0.0000,0.0000,0.0000,0.0000,,0,[],
341803223202308020620230001	,33405900000003620023080277508242	,3340590000000362001	,2023-08-02 06:18:42	,2023-08-02 06:45:30	,10.2400,3.2400,1.8800,1.8800,5.1200,,0,[],
341803223202308020648220001	,33401900000012280023080206223908	,3340190000001228001	,2023-08-02 06:48:25	,2023-08-02 06:49:55	,0.0000,0.0000,0.0000,0.0000,0.0000,,0,[],
341803223202308020605000001	,08705020101100000003195704169092749462	,011071419000031957004	,2023-08-02 06:04:45	,2023-08-02 06:50:09	,32.7470,11.5400,8.1900,8.1900,19.7300,,0,[],
341803223202308020617260001	,08705020101100000002718802169092824053	,007121817000027188002	,2023-08-02 06:17:45	,2023-08-02 06:53:01	,9.2440,3.1400,2.3100,2.3100,5.4500,,0,[],
341803223202308020629350001	,33405900000004560023080211770133	,3340590000000456001	,2023-08-02 06:30:11	,2023-08-02 06:56:56	,3.9900,1.2600,0.9300,0.9300,2.1900,,0,[],
341803223202308020613060001	,51431900000000430023080285769490	,5143190000000043001	,2023-08-02 06:13:08	,2023-08-02 06:57:15	,17.9600,4.8600,7.1800,7.1800,12.0400,,0,[],
341803223202308020520390001	,31401900000053250023080205805440	,3140190000005325001	,2023-08-02 05:21:00	,2023-08-02 06:57:41	,16.4700,9.5100,9.8800,9.8800,19.3900,,0,[],
341803223202308020620330001	,61406900000001290023080221722761	,6140690000000129001	,2023-08-02 06:20:33	,2023-08-02 07:00:19	,11.1400,2.4800,4.4600,4.4600,6.9400,,0,[],
341803223202308020647480001	,12426900000070260123080204017847	,1242690000007026001	,2023-08-02 06:47:49	,2023-08-02 07:01:11	,4.5400,1.9100,1.5900,1.5900,3.5000,,0,[],
341803223202308020620560001	,12426900000070530123080208405827	,1242690000007053001	,2023-08-02 06:20:57	,2023-08-02 07:01:13	,30.0200,11.9500,9.0100,9.0100,20.9600,,0,[],
341803223202308020638370001	,12426900000023010023080243106091	,1242690000002301001	,2023-08-02 06:38:29	,2023-08-02 07:07:41	,19.6600,9.4700,7.8600,7.8600,17.3300,,0,[],
341803223202308020642490001	,33401900000002900023080244435243	,3340190000000290001	,2023-08-02 06:42:51	,2023-08-02 07:12:58	,10.3500,7.0400,1.0400,1.0400,8.0800,,0,[],
341803223202308020709300001	,08705020101100000001474702169093137081	,011121731000014747002	,2023-08-02 07:09:35	,2023-08-02 07:19:58	,9.0000,6.5000,3.2400,3.2400,9.7400,,0,[],
341803223202308020647430001	,71412900000000760023080228967835	,7141290000000076001	,2023-08-02 06:46:13	,2023-08-02 07:21:45	,26.1900,10.2800,8.3800,8.3800,18.6600,,0,[],
341803223202308020654290001	,88701900000020140223080214411230	,8870190000002014002	,2023-08-02 06:54:30	,2023-08-02 07:23:33	,25.2200,9.0100,6.3100,6.3100,15.3200,,0,[],
341803223202308020649260001	,37402900000004920223080290841049	,3740290000000492002	,2023-08-02 06:49:27	,2023-08-02 07:24:16	,22.4400,8.0200,3.3700,3.3700,11.3900,,0,[],
341803223202308020711300001	,32405900000001520023080224246653	,3240590000000152001	,2023-08-02 07:11:40	,2023-08-02 07:29:07	,12.5500,8.3700,5.6500,5.6500,14.0200,,0,[],
341803223202308020619500001	,08705020101100000002761801169092839183	,011071421000027618001	,2023-08-02 06:20:00	,2023-08-02 07:33:55	,20.2030,9.5000,5.0500,5.0500,14.5500,,0,[],
341803223202308020713510001	,35402900000002480023080231477968	,3540290000000248001	,2023-08-02 07:13:38	,2023-08-02 07:37:13	,16.3400,6.4100,6.0500,6.0500,12.4600,,0,[],
341803223202308020248450001	,33405900000004250023080270174699	,3340590000000425001	,2023-08-02 02:48:58	,2023-08-02 07:57:55	,27.7100,8.7600,5.1000,5.1000,13.8600,,0,[],
341803223202308020821040001	,50401900100228330023080202265972	,5040190010022833001	,2023-08-02 08:21:22	,2023-08-02 08:22:15	,0.0000,0.0000,0.0000,0.0000,0.0000,,0,[],
341803223202308020822370001	,50401900100228330023080202278798	,5040190010022833001	,2023-08-02 08:22:55	,2023-08-02 08:22:59	,0.0000,0.0000,0.0000,0.0000,0.0000,,0,[],
341803223202308020817440001	,11402900000019670023080235533547	,1140290000001967001	,2023-08-02 08:19:29	,2023-08-02 08:27:14	,3.4400,2.3800,2.7500,2.7500,5.1300,,0,[],
341803223202308020825060001	,11402900000208340123080243397135	,1140290000020834001	,2023-08-02 08:25:07	,2023-08-02 08:55:19	,33.2700,23.0600,26.6200,26.6200,49.6800,,0,[],
341803223202308020856540001	,11402900000208340123080243403923	,1140290000020834001	,2023-08-02 08:56:54	,2023-08-02 09:23:28	,10.2400,7.1000,8.1900,8.1900,15.2900,,0,[],
341803223202308020907090001	,13401900000001160223080207460394	,1340190000000116002	,2023-08-02 09:08:02	,2023-08-02 09:23:59	,12.7400,8.9600,12.7400,12.7400,21.7000,,0,[],
341803223202308020826380001	,50401900100228280023080236995965	,5040190010022828001	,2023-08-02 08:26:43	,2023-08-02 09:27:08	,43.4400,28.6700,16.9400,16.9400,45.6100,,0,[],
341803223202308020915020001	,31101900000015730023080220307415	,3110190000001573001	,2023-08-02 09:15:02	,2023-08-02 09:29:14	,10.8000,14.2200,5.4000,5.4000,19.6200,,0,[],
341803223202308020916170001	,31401900000016990023080256538950	,3140190000001699001	,2023-08-02 09:16:23	,2023-08-02 09:45:44	,17.1000,22.5200,6.8400,6.8400,29.3600,,0,[],
341803223202308020948590001	,31401900000016990023080256540845	,3140190000001699001	,2023-08-02 09:49:05	,2023-08-02 10:11:21	,9.6800,12.7500,3.8700,3.8700,16.6200,,0,[],
341803223202308020946160001	,08705020101100000001964901169094077757	,001211735000019649001	,2023-08-02 09:48:05	,2023-08-02 10:17:17	,8.0400,3.6200,1.2100,1.2100,4.8300,,0,[],
341803223202308021002280001	,14402900000000640023080265165112	,1440290000000064001	,2023-08-02 10:02:09	,2023-08-02 10:18:04	,12.6800,10.1000,5.7100,5.7100,15.8100,,0,[],
341803223202308020834490001	,00105010102100000043797701169093648982	,008021025000437977001	,2023-08-02 08:34:51	,2023-08-02 10:23:06	,6.1500,5.4600,3.0800,3.0800,8.5400,,0,[],
341803223202308021008100001	,50404900000002390023080220039550	,5040490000000239001	,2023-08-02 10:08:15	,2023-08-02 10:26:10	,13.7400,9.0700,8.5200,8.5200,17.5900,,0,[],
341803223202308021011030001	,12426900000055520023080241365106	,1242690000005552001	,2023-08-02 10:11:08	,2023-08-02 10:52:40	,24.1400,26.1300,9.6600,9.6600,35.7900,,0,[],
341803223202308020931380001	,08705020101100000001969901169093989194	,001211741000019699001	,2023-08-02 09:35:59	,2023-08-02 11:04:31	,26.5200,11.9300,3.9800,3.9800,15.9100,,0,[],
341803223202308021039460001	,12101900000239200123080201960492	,1210190000023920001	,2023-08-02 10:39:47	,2023-08-02 11:03:09	,21.8700,24.2000,5.4700,5.4700,29.6700,,0,[],
341803223202308021056370001	,08705020101100000001960902169094499764	,001211740000019609002	,2023-08-02 10:58:18	,2023-08-02 11:16:27	,6.1200,2.7500,0.9200,0.9200,3.6700,,0,[],
341803223202308021115580001	,08705020101100000001965901169094615194	,001211737000019659001	,2023-08-02 11:17:47	,2023-08-02 11:18:05	,0.0100,0.0000,0.0000,0.0000,0.0000,,0,[],
341803223202308021029550001	,00105010102100000043797701169094338852	,008021025000437977001	,2023-08-02 10:29:57	,2023-08-02 11:19:18	,1.7800,1.5100,0.8900,0.8900,2.4000,,0,[],
341803223202308021030500001	,08705020101100000002504701169094345033	,005252212000025047001	,2023-08-02 10:30:48	,2023-08-02 11:24:45	,14.9700,10.4500,6.7400,2.2500,12.7000,,0,[],
341803223202308021057540001	,08705020101100000001138601169094506822	,009221308000011386001	,2023-08-02 11:03:59	,2023-08-02 11:35:36	,15.4500,8.7800,6.1800,6.1800,14.9600,,0,[],
341803223202308020956530001	,71111900000000440023080220118466	,7111190000000044001	,2023-08-02 09:56:54	,2023-08-02 11:29:57	,27.7700,12.5000,9.1600,9.1600,21.6600,,0,[],
341803223202308021021170001	,08705020101100000001289701169094287794	,010131648000012897001	,2023-08-02 10:21:20	,2023-08-02 11:36:30	,38.5300,24.7000,26.9700,26.9700,51.6700,,0,[],
341803223202308021104320001	,33401900000013080023080215821683	,3340190000001308001	,2023-08-02 11:04:32	,2023-08-02 11:41:58	,12.1600,10.9500,3.0400,3.0400,13.9900,,0,[],
341803223202308021104340001	,33401900000002050023080251445597	,3340190000000205001	,2023-08-02 11:04:56	,2023-08-02 11:47:16	,12.6200,8.7100,2.5200,2.5200,11.2300,,0,[],
341803223202308021114200001	,11402900000050190023080220711297	,1140290000005019001	,2023-08-02 11:13:44	,2023-08-02 11:47:57	,28.9400,26.4000,23.1500,23.1500,49.5500,,0,[],
341803223202308021010190001	,08705020101100000001956901169094221261	,001211729000019569001	,2023-08-02 10:12:07	,2023-08-02 11:52:17	,38.6600,17.4000,5.8000,5.8000,23.2000,,0,[],
341803223202308021158070001	,35402900000001420023080233315490	,3540290000000142001	,2023-08-02 11:58:14	,2023-08-02 11:58:55	,0.0000,0.0000,0.0000,0.0000,0.0000,,0,[],
341803223202308021159050001	,35402900000001420023080233322380	,3540290000000142001	,2023-08-02 11:59:11	,2023-08-02 11:59:42	,0.0000,0.0000,0.0000,0.0000,0.0000,,0,[],
341803223202307311124560001	,08705020101100000002494801169077389695	,005241429000024948001	,2023-07-31 11:24:58	,2023-08-02 12:00:05	,0.0000,0.0000,0.0000,0.0000,0.0000,,0,[],
341803223202307311136250001	,08705020101100000001968902169077458531	,001211742000019689002	,2023-07-31 11:36:26	,2023-07-31 11:36:42	,0.0000,0.0000,0.0000,0.0000,0.0000,,0,[],
341803223202308021153570001	,08705020101100000001956901169094843749	,001211729000019569001	,2023-08-02 11:55:46	,2023-08-02 12:01:47	,3.1000,1.4000,0.4700,0.4700,1.8700,,0,[],
341803223202308021200200001	,35402900000001420023080233333121	,3540290000000142001	,2023-08-02 12:00:35	,2023-08-02 12:01:07	,0.0000,0.0000,0.0000,0.0000,0.0000,,0,[],
341803223202308021112280001	,50404900000014960023080244622445	,5040490000001496001	,2023-08-02 11:11:46	,2023-08-02 12:07:48	,19.1200,12.6200,7.4500,7.4500,20.0700,,0,[],
341803223202308021115210001	,33401900000000580023080243086835	,3340190000000058001	,2023-08-02 11:15:26	,2023-08-02 12:12:13	,26.1100,15.4000,5.2200,5.2200,20.6200,,0,[],
341803223202308021153440001	,11402900000050190023080220723131	,1140290000005019001	,2023-08-02 11:53:07	,2023-08-02 12:20:07	,9.4900,8.6600,7.5900,7.5900,16.2500,,0,[],
341803223202308021134080001	,33401900000003600023080258234363	,3340190000000360001	,2023-08-02 11:34:55	,2023-08-02 12:21:52	,14.7200,7.2100,2.9400,2.9400,10.1500,,0,[],
341803223202308021203020001	,33405900000003980023080205779257	,3340590000000398001	,2023-08-02 12:02:29	,2023-08-02 12:30:39	,21.7800,6.8800,4.0100,4.0100,10.8900,,0,[],
341803223202308021158310001	,88601900000009070023080241776303	,8860190000000907001	,2023-08-02 11:57:59	,2023-08-02 12:37:37	,17.1700,11.2600,15.2700,15.2700,26.5300,,0,[],
341803223202308021119440001	,08705020101100000001960902169094638554	,001211740000019609002	,2023-08-02 11:21:26	,2023-08-02 12:42:59	,14.5100,6.5300,2.1800,2.1800,8.7100,,0,[],
341803223202308021125360001	,08705020101100000001965901169094673618	,001211737000019659001	,2023-08-02 11:27:25	,2023-08-02 12:46:16	,28.9400,13.0200,4.3400,4.3400,17.3600,,0,[],
341803223202308021247210001	,88303900000003280023080213888069	,8830390000000328001	,2023-08-02 12:47:26	,2023-08-02 12:49:32	,0.0000,0.0000,0.0000,0.0000,0.0000,,0,[],
341803223202308021242080001	,50401900100228600223080201557256	,5040190010022860002	,2023-08-02 12:42:08	,2023-08-02 12:50:23	,7.3000,4.8200,2.8500,2.8500,7.6700,,0,[],
341803223202308021250380001	,33405900000003640023080242121411	,3340590000000364001	,2023-08-02 12:49:32	,2023-08-02 12:50:03	,0.0000,0.0000,0.0000,0.0000,0.0000,,0,[],
341803223202308021236290001	,33405900000003630023080206776630	,3340590000000363001	,2023-08-02 12:34:48	,2023-08-02 12:49:48	,8.9500,2.8300,1.6500,1.6500,4.4800,,0,[],
341803223202308021208120001	,08705020101100000001943802169094929219	,001171642000019438002	,2023-08-02 12:09:53	,2023-08-02 12:53:26	,18.9200,8.5100,2.8400,2.8400,11.3500,,0,[],
341803223202308021249540001	,88303900000003280023080213896514	,8830390000000328001	,2023-08-02 12:50:00	,2023-08-02 12:51:55	,0.0000,0.0000,0.0000,0.0000,0.0000,,0,[],
341803223202308021118430001	,08705020101100000002519701169094632349	,005291505000025197001	,2023-08-02 11:21:49	,2023-08-02 12:58:37	,30.7600,13.8400,4.6100,4.6100,18.4500,,0,[],
341803223202308021157290001	,32405900000002840023080243384722	,3240590000000284001	,2023-08-02 11:57:56	,2023-08-02 12:55:50	,39.4000,26.2700,12.7300,12.7300,39.0000,,0,[],
341803223202308021235340001	,01105020101100000000010302169095093444	,001131434000000103002	,2023-08-02 12:35:34	,2023-08-02 12:59:10	,15.3300,4.8500,2.8200,2.8200,7.6700,,0,[],
341803223202307310038560001	,31401900000009440023073102055252	,3140190000000944001	,2023-07-31 00:38:57	,2023-08-02 13:00:05	,0.0000,0.0000,0.0000,0.0000,0.0000,,0,[],
341803223202308021217300001	,33401900000028660023080288902886	,3340190000002866001	,2023-08-02 12:17:36	,2023-08-02 13:00:47	,7.8700,3.9500,1.5700,1.5700,5.5200,,0,[],
341803223202308021242510001	,33401900000002170023080263854101	,3340190000000217001	,2023-08-02 12:42:56	,2023-08-02 13:01:16	,12.5500,9.4300,2.5100,2.5100,11.9400,,0,[],
341803223202308021233350001	,88601900000010330023080241216581	,8860190000001033001	,2023-08-02 12:33:37	,2023-08-02 13:01:18	,24.9300,16.2000,13.4600,13.4600,29.6600,,0,[],
341803223202308021214310001	,35402900000006850023080248281939	,3540290000000685001	,2023-08-02 12:14:42	,2023-08-02 13:01:31	,24.0300,16.0500,7.6900,7.6900,23.7400,,0,[],
341803223202308021214520001	,88303900000009560023080201856181	,8830390000000956001	,2023-08-02 12:14:53	,2023-08-02 13:01:49	,28.2100,15.5100,10.7200,10.7200,26.2300,,0,[],
341803223202308021219360001	,50404900000017440023080226355485	,5040490000001744001	,2023-08-02 12:17:31	,2023-08-02 12:59:50	,26.7600,17.6600,10.4400,10.4400,28.1000,,0,[],
341803223202308021119430001	,08705020101100000002490801169094638350	,005241422000024908001	,2023-08-02 11:22:48	,2023-08-02 13:06:53	,32.0100,14.4000,4.8000,4.8000,19.2000,,0,[],
341803223202308021305500001	,42408900000002500023080288879369	,4240890000000250001	,2023-08-02 13:06:02	,2023-08-02 13:08:03	,0.0000,0.0000,0.0000,0.0000,0.0000,,0,[],
341803223202308021205100001	,35402900000001240023080231661939	,3540290000000124001	,2023-08-02 12:05:16	,2023-08-02 13:10:10	,31.0500,20.7400,9.9400,9.9400,30.6800,,0,[],
341803223202308021217420001	,88303900000009000023080258342736	,8830390000000900001	,2023-08-02 12:17:46	,2023-08-02 13:12:19	,31.4000,17.2600,12.5600,12.5600,29.8200,,0,[],
341803223202308021212190001	,88601900000009640023080291024524	,8860190000000964001	,2023-08-02 12:12:28	,2023-08-02 13:12:37	,30.4500,20.3400,9.7400,9.7400,30.0800,,0,[],
341803223202308021315290001	,11402900000203670023080213150301	,1140290000020367001	,2023-08-02 13:15:23	,2023-08-02 13:15:37	,0.0000,0.0000,0.0000,0.0000,0.0000,,0,[],
341803223202308021251070001	,88303900000003290023080261331451	,8830390000000329001	,2023-08-02 12:51:12	,2023-08-02 13:20:00	,12.6400,6.9500,5.6900,5.6900,12.6400,,0,[],
341803223202308021307120001	,08705020101100000000852801169095283224	,005191249000008528001	,2023-08-02 13:07:13	,2023-08-02 13:21:44	,12.6900,11.4200,8.8800,8.8800,20.3000,,0,[],
341803223202308021224440001	,32405900000002500023080227158822	,3240590000000250001	,2023-08-02 12:25:17	,2023-08-02 13:26:20	,28.2000,18.8000,9.1100,9.1100,27.9100,,0,[],
341803223202308021254340001	,50401900100228600223080201564407	,5040190010022860002	,2023-08-02 12:54:35	,2023-08-02 13:37:00	,27.1100,17.8900,10.5700,10.5700,28.4600,,0,[],
341803223202308021253450001	,33405900000003590023080266436044	,3340590000000359001	,2023-08-02 12:53:11	,2023-08-02 13:37:22	,18.5600,20.6400,1.9700,1.9700,22.6100,,0,[],
341803223202308021335490001	,02705010101100000000019402169095454221	,001091737000000194002	,2023-08-02 13:37:32	,2023-08-02 13:40:08	,0.0000,0.0000,0.0000,0.0000,0.0000,,0,[],
341803223202308021338540001	,02705010101100000000019402169095473422	,001091737000000194002	,2023-08-02 13:40:36	,2023-08-02 13:41:51	,0.0000,0.0000,0.0000,0.0000,0.0000,,0,[],
341803223202308021341170001	,50401900100228610223080202501477	,5040190010022861002	,2023-08-02 13:41:18	,2023-08-02 13:41:56	,0.0000,0.0000,0.0000,0.0000,0.0000,,0,[],
341803223202308021342460001	,50401900100228610223080202513187	,5040190010022861002	,2023-08-02 13:42:46	,2023-08-02 13:43:38	,0.0000,0.0000,0.0000,0.0000,0.0000,,0,[],
341803223202308021230550001	,12426900000065890023080233411772	,1242690000006589001	,2023-08-02 12:29:35	,2023-08-02 13:42:19	,27.0600,20.3400,9.4700,9.4700,29.8100,,0,[],
341803223202308020913220001	,00905010102100000000089601169093880293	,002231743000000896001	,2023-08-02 09:14:10	,2023-08-02 13:47:30	,15.5900,9.9900,4.6800,4.6800,14.6700,,0,[],
341803223202308021211430001	,08705020101100000002492802169094949648	,005241426000024928002	,2023-08-02 12:14:40	,2023-08-02 13:57:06	,29.8900,13.4500,4.4800,4.4800,17.9300,,0,[],
341803223202308021227440001	,08705020101100000001956901169095046446	,001211729000019569001	,2023-08-02 12:29:34	,2023-08-02 14:09:14	,39.0500,17.5700,5.8600,5.8600,23.4300,,0,[],
341803223202308021403570001	,35402900000003290023080218673312	,3540290000000329001	,2023-08-02 14:04:02	,2023-08-02 14:10:02	,4.4400,2.9700,1.6400,1.6400,4.6100,,0,[],
341803223202308021242380001	,71111900000000430023080216157475	,7111190000000043001	,2023-08-02 12:43:20	,2023-08-02 14:12:00	,16.1600,7.2700,5.3300,5.3300,12.6000,,0,[],
341803223202308021410440001	,35402900000003290023080218686094	,3540290000000329001	,2023-08-02 14:10:50	,2023-08-02 14:13:13	,1.3200,0.8800,0.4900,0.4900,1.3700,,0,[],
341803223202308021345030001	,50401900100228610223080202520808	,5040190010022861002	,2023-08-02 13:45:04	,2023-08-02 14:22:39	,28.4200,18.7500,11.0800,11.0800,29.8300,,0,[],
341803223202308021329160001	,35401900000006190023080264393043	,3540190000000619001	,2023-08-02 13:29:16	,2023-08-02 14:29:36	,28.5200,19.0500,7.1300,7.1300,26.1800,,0,[],
341803223202308021318060001	,35102900000012880123080220983684	,3510290000001288001	,2023-08-02 13:18:07	,2023-08-02 14:29:46	,27.1200,18.1200,10.8500,10.8500,28.9700,,0,[],
341803223202308021415510001	,35402900000002410023080236036888	,3540290000000241001	,2023-08-02 14:16:21	,2023-08-02 14:33:35	,6.5200,4.3600,2.4100,2.4100,6.7700,,0,[],
341803223202308021418080001	,50401900100228630223080200876497	,5040190010022863002	,2023-08-02 14:18:08	,2023-08-02 14:38:37	,17.1300,11.3100,6.6800,6.6800,17.9900,,0,[],
341803223202308021357580001	,12426900000066660023080236968409	,1242690000006666001	,2023-08-02 13:55:51	,2023-08-02 14:38:12	,18.1500,13.6400,6.3500,6.3500,19.9900,,0,[],
341803223202308021433070001	,88303900000003260023080250873164	,8830390000000326001	,2023-08-02 14:33:10	,2023-08-02 14:42:10	,0.0000,0.0000,0.0000,0.0000,0.0000,,0,[],
341803223202308021341000001	,02705010101100000000019401169095485338	,001091737000000194001	,2023-08-02 13:42:50	,2023-08-02 14:44:24	,18.8700,8.4900,2.8300,2.8300,11.3200,,0,[],
341803223202308021434000001	,35402900000002410023080236045976	,3540290000000241001	,2023-08-02 14:34:30	,2023-08-02 14:43:53	,5.7000,3.8100,2.1100,2.1100,5.9200,,0,[],
341803223202308021426290001	,11402900000208580023080213302352	,1140290000020858001	,2023-08-02 14:26:30	,2023-08-02 14:50:21	,17.4100,15.8800,13.9300,13.9300,29.8100,,0,[],
341803223202308021429260001	,50404900000014400023080285650732	,5040490000001440001	,2023-08-02 14:29:30	,2023-08-02 15:00:31	,17.7000,11.6800,6.9000,6.9000,18.5800,,0,[],
341803223202308021417450001	,43401900000000080223080211123919	,4340190000000008002	,2023-08-02 14:17:46	,2023-08-02 15:05:07	,29.8900,24.3900,9.4200,9.4200,33.8100,,0,[],
341803223202308021443520001	,35402900000002420023080248545841	,3540290000000242001	,2023-08-02 14:44:16	,2023-08-02 15:09:55	,15.4500,11.6700,5.4700,5.4700,17.1400,,0,[],
341803223202308021501320001	,31401900000079830023080203927516	,3140190000007983001	,2023-08-02 15:01:22	,2023-08-02 15:16:57	,7.0100,5.2200,3.5100,3.5100,8.7300,,0,[],
341803223202308021448050001	,88501900000000320023080239853980	,8850190000000032001	,2023-08-02 14:48:05	,2023-08-02 15:18:19	,23.9700,20.0400,9.5900,9.5900,29.6300,,0,[],
341803223202308021423230001	,12426900000071210123080205828735	,1242690000007121001	,2023-08-02 14:23:23	,2023-08-02 15:19:13	,32.8600,24.7000,11.5000,11.5000,36.2000,,0,[],
341803223202308021447070001	,33401900000001270223080218724459	,3340190000000127002	,2023-08-02 14:47:08	,2023-08-02 15:19:14	,25.8800,23.3000,6.4600,6.4600,29.7600,,0,[],
341803223202308021436150001	,37402900000004690123080253266091	,3740290000000469001	,2023-08-02 14:36:16	,2023-08-02 15:22:16	,31.4000,21.9100,4.7100,4.7100,26.6200,,0,[],
341803223202308021507290001	,88306900000009750023080230488288	,8830690000000975001	,2023-08-02 15:07:46	,2023-08-02 15:35:24	,20.4200,16.6600,6.4300,6.4300,23.0900,,0,[],
341803223202308021508390001	,88315900000001110023080239687621	,8831590000000111001	,2023-08-02 15:09:18	,2023-08-02 15:35:47	,17.8600,10.6400,7.1400,7.1400,17.7800,,0,[],
341803223202308021530500001	,37402900000004690123080253277989	,3740290000000469001	,2023-08-02 15:30:50	,2023-08-02 15:37:39	,2.6100,1.8200,0.3900,0.3900,2.2100,,0,[],
341803223202308021520210001	,33401900000001270223080218738242	,3340190000000127002	,2023-08-02 15:20:22	,2023-08-02 15:40:28	,7.8800,7.1000,1.9700,1.9700,9.0700,,0,[],
341803223202308021518240001	,31101900000011500023080221936260	,3110190000001150001	,2023-08-02 15:18:24	,2023-08-02 15:47:56	,16.9900,12.6500,10.1900,10.1900,22.8400,,0,[],
341803223202308021512270001	,31101900000011950023080224611286	,3110190000001195001	,2023-08-02 15:12:27	,2023-08-02 15:49:32	,13.7000,10.2000,8.2200,8.2200,18.4200,,0,[],
341803223202308021521120001	,08705020101100000002093607169096087237	,002221357000020936007	,2023-08-02 15:21:06	,2023-08-02 15:49:36	,18.4900,11.7600,12.0200,12.0200,23.7800,,0,[],
341803223202308021441360001	,11402900000026750023080216969788	,1140290000002675001	,2023-08-02 14:41:38	,2023-08-02 15:56:02	,38.1500,29.2900,30.5200,30.5200,59.8100,,0,[],
341803223202307311540510001	,08705020101100000001964901169078925185	,001211735000019649001	,2023-07-31 15:40:52	,2023-07-31 15:56:44	,8.3700,3.7700,1.2600,1.2600,5.0300,,0,[],
341803223202308021539570001	,08705020101100000004294701169096199718	,007181529000042947001	,2023-08-02 15:39:56	,2023-08-02 16:00:05	,16.5100,11.4900,4.1300,4.1300,15.6200,,0,[],
341803223202308021543370001	,12426900000065920023080231589982	,1242690000006592001	,2023-08-02 15:42:52	,2023-08-02 16:00:11	,11.9100,9.0100,4.1700,4.1700,13.1800,,0,[],
341803223202308021529130001	,31101900000000930023080204688271	,3110190000000093001	,2023-08-02 15:29:01	,2023-08-02 16:01:24	,22.2300,16.5500,6.6700,6.6700,23.2200,,0,[],
341803223202308021548450001	,31101900000011710023080253662688	,3110190000001171001	,2023-08-02 15:48:46	,2023-08-02 16:11:47	,22.0300,16.4000,13.2200,13.2200,29.6200,,0,[],
341803223202308021436050001	,88303900000008970023080269535501	,8830390000000897001	,2023-08-02 14:36:16	,2023-08-02 16:14:06	,27.5100,15.1300,11.0000,11.0000,26.1300,,0,[],
341803223202308021615280001	,88304900000002670023080204900845	,8830490000000267001	,2023-08-02 16:14:37	,2023-08-02 16:15:35	,0.0000,0.0000,0.0000,0.0000,0.0000,,0,[],
341803223202308021506340001	,31101900000011450023080241051817	,3110190000001145001	,2023-08-02 15:06:34	,2023-08-02 16:19:41	,35.2940,26.2800,21.1800,21.1800,47.4600,,0,[],
341803223202308021612410001	,33410900000000990023080202295694	,3341090000000099001	,2023-08-02 16:12:41	,2023-08-02 16:27:21	,9.3200,11.3400,2.6400,2.6400,13.9800,,0,[],
341803223202308021553110001	,32405900000003750023080215514336	,3240590000000375001	,2023-08-02 15:53:12	,2023-08-02 16:33:42	,4.4200,2.9500,2.1400,2.1400,5.0900,,0,[],
341803223202308021604250001	,31401900000036060023080238155947	,3140190000003606001	,2023-08-02 16:03:34	,2023-08-02 16:36:12	,26.0300,19.3800,10.4100,10.4100,29.7900,,0,[],
341803223202308021623310001	,88601900000010600023080252973622	,8860190000001060001	,2023-08-02 16:24:32	,2023-08-02 16:40:18	,12.5400,11.8300,3.1400,3.1400,14.9700,,0,[],
341803223202308021525550001	,11402900000150910023080223585393	,1140290000015091001	,2023-08-02 15:26:34	,2023-08-02 16:42:19	,29.8700,20.7000,23.9000,23.9000,44.6000,,0,[],
341803223202308021617010001	,88304900000002670023080204913421	,8830490000000267001	,2023-08-02 16:16:10	,2023-08-02 16:48:03	,16.3600,17.7900,9.8200,9.8200,27.6100,,0,[],
341803223202308021549390001	,11402900000208210223080270117013	,1140290000020821002	,2023-08-02 15:49:42	,2023-08-02 16:49:55	,33.3300,23.1000,26.6600,26.6600,49.7600,,0,[],
341803223202308021655050001	,88304900000002670023080204925387	,8830490000000267001	,2023-08-02 16:54:02	,2023-08-02 16:55:01	,0.0000,0.0000,0.0000,0.0000,0.0000,,0,[],
341803223202308021621030001	,71111900000000390023080222250469	,7111190000000039001	,2023-08-02 16:21:46	,2023-08-02 16:58:33	,12.6600,5.7000,4.1800,4.1800,9.8800,,0,[],
341803223202308021546250001	,88306900000003780023080261869011	,8830690000000378001	,2023-08-02 15:46:36	,2023-08-02 17:00:16	,34.6400,28.2700,6.5800,6.5800,34.8500,,0,[],
341803223202308021652090001	,11402900000208210223080270122378	,1140290000020821002	,2023-08-02 16:52:09	,2023-08-02 17:02:00	,2.9500,2.0400,2.3600,2.3600,4.4000,,0,[],
341803223202308021544470001	,88601900000004920023080284636370	,8860190000000492001	,2023-08-02 15:46:35	,2023-08-02 17:05:33	,39.3800,37.2800,10.6300,10.6300,47.9100,,0,[],
341803223202308021648430001	,08705020101100000000108602169096612345	,002041007000001086002	,2023-08-02 16:48:47	,2023-08-02 17:10:58	,13.3500,7.8800,8.0100,8.0100,15.8900,,0,[],
341803223202308021630550001	,31101900000000890023080205513165	,3110190000000089001	,2023-08-02 16:31:00	,2023-08-02 17:12:39	,19.4800,14.5000,5.8400,5.8400,20.3400,,0,[],
341803223202308021643260001	,11402900000210500023080265532070	,1140290000021050001	,2023-08-02 16:43:26	,2023-08-02 17:19:56	,18.2800,12.6700,14.6200,14.6200,27.2900,,0,[],
341803223202308021649280001	,32405900000002210023080206858351	,3240590000000221001	,2023-08-02 16:49:54	,2023-08-02 17:25:11	,21.6800,14.4600,7.0100,7.0100,21.4700,,0,[],
341803223202308021712270001	,02005020101100000000116302169096754059	,002071501000001163002	,2023-08-02 17:12:28	,2023-08-02 17:27:33	,14.6700,11.0000,6.6000,6.6000,17.6000,,0,[],
341803223202308021626290001	,08705020101100000003196709169096478940	,011071417000031967009	,2023-08-02 16:26:47	,2023-08-02 17:28:21	,19.7270,13.4600,4.9300,4.9300,18.3900,,0,[],
341803223202308021649010001	,88303900000010660023080265741182	,8830390000001066001	,2023-08-02 16:50:45	,2023-08-02 17:30:04	,23.1000,12.7000,9.2400,9.2400,21.9400,,0,[],
341803223202308021654310001	,33401900000013060023080233739889	,3340190000001306001	,2023-08-02 16:54:20	,2023-08-02 17:35:10	,28.5500,25.7100,3.9900,3.9900,29.7000,,0,[],
341803223202308021720090001	,12101900000239130123080203603003	,1210190000023913001	,2023-08-02 17:20:09	,2023-08-02 17:35:56	,15.1900,16.4400,3.8000,3.8000,20.2400,,0,[],
341803223202308021708210001	,88306900000011160023080290278283	,8830690000001116001	,2023-08-02 17:09:35	,2023-08-02 17:37:08	,20.0200,16.3400,6.3100,6.3100,22.6500,,0,[],
341803223202308021316540001	,11402900000204520023080213163407	,1140290000020452001	,2023-08-02 13:16:50	,2023-08-02 17:51:45	,8.6200,7.2900,6.9000,6.9000,14.1900,,0,[],
341803223202308021708080001	,31401900000014130023080234627565	,3140190000001413001	,2023-08-02 17:07:41	,2023-08-02 17:51:55	,39.6000,29.4900,17.8200,17.8200,47.3100,,0,[],
341803223202308021741370001	,11402900000014840023080216379177	,1140290000001484001	,2023-08-02 17:40:58	,2023-08-02 17:53:36	,6.6500,4.6100,5.3200,5.3200,9.9300,,0,[],
341803223202308021541320001	,00105010102100000067285701169096208670	,012271606000672857001	,2023-08-02 15:41:33	,2023-08-02 18:35:20	,15.2100,9.7500,10.6500,10.6500,20.4000,,0,[],
341803223202308021836380001	,00105010102100000067285701169097259821	,012271606000672857001	,2023-08-02 18:36:39	,2023-08-02 18:37:50	,0.0800,0.0500,0.0600,0.0600,0.1100,,0,[],
341803223202308021817100001	,02005020101100000000104302169097143070	,002071501000001043002	,2023-08-02 18:17:05	,2023-08-02 18:37:46	,17.0900,12.8200,7.6900,7.6900,20.5100,,0,[],
341803223202308021838120001	,00105010102100000067285701169097269290	,012271606000672857001	,2023-08-02 18:38:13	,2023-08-02 18:39:50	,0.1200,0.0800,0.0800,0.0800,0.1600,,0,[],
341803223202308021800030001	,42401900000002440023080243061428	,4240190000000244001	,2023-08-02 17:59:46	,2023-08-02 18:42:12	,24.9600,17.3700,6.2400,6.2400,23.6100,,0,[],
341803223202308021747040001	,12101900000226240023080252919234	,1210190000022624001	,2023-08-02 17:47:05	,2023-08-02 18:44:18	,27.3500,29.6100,8.2100,8.2100,37.8200,,0,[],
341803223202308021830400001	,88303900000009040023080263185359	,8830390000000904001	,2023-08-02 18:30:51	,2023-08-02 18:44:49	,12.9500,11.3800,5.1800,5.1800,16.5600,,0,[],
341803223202308021806380001	,11402900000210500023080265542099	,1140290000021050001	,2023-08-02 18:06:39	,2023-08-02 19:14:49	,27.4500,25.0400,21.9600,21.9600,47.0000,,0,[],
341803223202308021853580001	,02005020101100000000106301169097363885	,001261810000001063001	,2023-08-02 18:53:53	,2023-08-02 19:20:42	,25.4800,19.1100,11.4700,11.4700,30.5800,,0,[],
341803223202308021916050001	,35402900000001070023080258496283	,3540290000000107001	,2023-08-02 19:15:58	,2023-08-02 19:22:18	,5.4800,5.1700,1.7500,1.7500,6.9200,,0,[],
341803223202308021915430001	,02005020101100000000409402169097493783	,011071232000004094002	,2023-08-02 19:15:44	,2023-08-02 19:32:13	,15.5390,12.2800,5.4400,5.4400,17.7200,,0,[],
341803223202308021922180001	,02005020101100000000106301169097533889	,001261810000001063001	,2023-08-02 19:22:13	,2023-08-02 19:39:32	,11.6700,8.7500,5.2500,5.2500,14.0000,,0,[],
341803223202308021940100001	,32405900000001720023080216615032	,3240590000000172001	,2023-08-02 19:40:04	,2023-08-02 19:41:56	,0.2600,0.1700,0.0800,0.0800,0.2500,,0,[],
341803223202307311617580001	,08705020101100000002489701169079147864	,005241420000024897001	,2023-07-31 16:17:59	,2023-07-31 17:02:01	,12.8600,5.9500,2.1200,2.1200,8.0700,,0,[],
341803223202308021931500001	,50404900000002370023080239458568	,5040490000000237001	,2023-08-02 19:31:53	,2023-08-02 20:06:19	,24.3800,16.0900,15.1100,15.1100,31.2000,,0,[],
341803223202308021945170001	,31401900000044300023080249187356	,3140190000004430001	,2023-08-02 19:45:20	,2023-08-02 20:06:37	,16.3100,21.4800,8.1600,8.1600,29.6400,,0,[],
341803223202308021943470001	,32405900000001730023080232381897	,3240590000000173001	,2023-08-02 19:44:01	,2023-08-02 20:06:46	,13.3000,8.8700,4.3000,4.3000,13.1700,,0,[],
341803223202308021903230001	,35402900000000370023080256208078	,3540290000000037001	,2023-08-02 19:02:09	,2023-08-02 20:13:26	,23.5400,22.2100,7.5300,7.5300,29.7400,,0,[],
341803223202308021940030001	,35402900000003190023080259601307	,3540290000000319001	,2023-08-02 19:40:39	,2023-08-02 20:20:43	,20.3600,16.6400,6.9800,6.9800,23.6200,,0,[],
341803223202308021937280001	,35102900000012830223080264920118	,3510290000001283002	,2023-08-02 19:37:28	,2023-08-02 20:21:56	,15.7200,13.3100,6.0900,6.0900,19.4000,,0,[],
341803223202308022029410001	,50401900100228530223080203389065	,5040190010022853002	,2023-08-02 20:29:42	,2023-08-02 20:51:19	,18.7300,12.3600,7.3000,7.3000,19.6600,,0,[],
341803223202308022055350001	,51441900000000050023080259555195	,5144190000000005001	,2023-08-02 20:55:37	,2023-08-02 20:56:57	,0.0000,0.0000,0.0000,0.0000,0.0000,,0,[],
341803223202308022057570001	,51441900000000050023080259567788	,5144190000000005001	,2023-08-02 20:58:00	,2023-08-02 21:00:01	,0.0000,0.0000,0.0000,0.0000,0.0000,,0,[],
341803223202308022009540001	,35402900000002320023080249836786	,3540290000000232001	,2023-08-02 20:08:47	,2023-08-02 21:00:38	,28.7400,19.2000,10.6300,10.6300,29.8300,,0,[],
341803223202308022101460001	,12101900000226230023080253911592	,1210190000022623001	,2023-08-02 21:01:43	,2023-08-02 21:15:49	,9.2300,6.9400,2.7700,2.7700,9.7100,,0,[],
341803223202308022036230001	,50404900000017480023080220582576	,5040490000001748001	,2023-08-02 20:35:26	,2023-08-02 21:18:58	,29.6900,19.6000,11.5800,11.5800,31.1800,,0,[],
341803223202308022059330001	,51441900000000060023080220727429	,5144190000000006001	,2023-08-02 20:59:38	,2023-08-02 21:22:59	,24.4400,14.8300,14.6600,14.6600,29.4900,,0,[],
341803223202308022124290001	,51441900000000060023080220736689	,5144190000000006001	,2023-08-02 21:24:36	,2023-08-02 21:50:09	,24.4400,14.8300,14.6600,14.6600,29.4900,,0,[],
341803223202308022139240001	,88303900000002900023080262347340	,8830390000000290001	,2023-08-02 21:39:28	,2023-08-02 21:53:12	,7.4000,6.5000,2.9600,2.9600,9.4600,,0,[],
341803223202308022150380001	,61413900000003750123080292893885	,6141390000000375001	,2023-08-02 21:50:39	,2023-08-02 22:10:22	,15.2800,13.4300,6.1100,6.1100,19.5400,,0,[],
341803223202308022203370001	,02005020101100000000101302169098501841	,002071501000001013002	,2023-08-02 22:03:32	,2023-08-02 22:15:42	,8.0900,6.0700,3.6400,3.6400,9.7100,,0,[],
341803223202308022126190001	,35401900000003020023080266664879	,3540190000000302001	,2023-08-02 21:26:40	,2023-08-02 22:19:53	,18.8400,15.7700,3.9300,3.9300,19.7000,,0,[],
341803223202308022150310001	,12426900000070150123080210767164	,1242690000007015001	,2023-08-02 21:50:32	,2023-08-02 22:26:19	,18.5200,13.9200,6.4800,6.4800,20.4000,,0,[],
341803223202308022218010001	,08705020101100000003787801169098587471	,001171213000037878001	,2023-08-02 22:18:00	,2023-08-02 22:28:54	,10.5200,7.3400,1.5800,1.5800,8.9200,,0,[],
341803223202308022219410001	,08705020101100000001501702169098598161	,011121732000015017002	,2023-08-02 22:19:48	,2023-08-02 22:45:42	,17.1700,12.4000,6.1800,6.1800,18.5800,,0,[],
341803223202308022252210001	,02005020101100000000177401169098794147	,008191816000001774001	,2023-08-02 22:52:23	,2023-08-02 22:52:28	,0.0000,0.0000,0.0000,0.0000,0.0000,,0,[],
341803223202308022253520001	,12426900000022350023080250497415	,1242690000002235001	,2023-08-02 22:54:28	,2023-08-02 22:55:24	,0.0600,0.0500,0.0200,0.0200,0.0700,,0,[],
341803223202308022200170001	,33405900000002850023080294134984	,3340590000000285001	,2023-08-02 21:59:11	,2023-08-02 22:56:27	,41.1400,13.0100,7.5600,7.5600,20.5700,,0,[],
341803223202308022141500001	,12426900000036020023080281363918	,1242690000003602001	,2023-08-02 21:41:54	,2023-08-02 23:00:03	,37.8400,28.4400,17.0300,17.0300,45.4700,,0,[],
341803223202308022201490001	,33401900000027610023080224875665	,3340190000002761001	,2023-08-02 22:01:49	,2023-08-02 23:06:43	,29.2200,17.2400,5.8400,5.8400,23.0800,,0,[],
341803223202308022203440001	,33401900000012440023080217610002	,3340190000001244001	,2023-08-02 22:03:45	,2023-08-02 23:06:56	,29.4400,20.3100,5.8900,5.8900,26.2000,,0,[],
341803223202308022202410001	,31101900000015070023080213371073	,3110190000001507001	,2023-08-02 22:02:41	,2023-08-02 23:09:53	,57.2020,18.0400,34.3200,34.3200,52.3600,,0,[],
341803223202308022309440001	,40001900000000640023080229116170	,4000190000000064001	,2023-08-02 23:09:49	,2023-08-02 23:11:03	,0.0000,0.0000,0.0000,0.0000,0.0000,,0,[],
341803223202308022310080001	,33401900000000760023080203279224	,3340190000000076001	,2023-08-02 23:11:16	,2023-08-02 23:12:16	,0.4900,0.2900,0.0500,0.0500,0.3400,,0,[],
341803223202308022216000001	,33405900000004140023080280706008	,3340590000000414001	,2023-08-02 22:16:06	,2023-08-02 23:14:52	,26.2800,8.3100,4.8300,4.8300,13.1400,,0,[],
341803223202308022204410001	,02005020101100000000007301169098507590	,001260945000000073001	,2023-08-02 22:06:45	,2023-08-02 23:17:11	,44.3000,29.2400,17.2800,17.2800,46.5200,,0,[],
341803223202308022316570001	,31101900000015200023080237432696	,3110190000001520001	,2023-08-02 23:16:58	,2023-08-02 23:17:36	,0.0200,0.0100,0.0100,0.0100,0.0200,,0,[],
341803223202308022258560001	,31101900000015640023080210104206	,3110190000001564001	,2023-08-02 22:58:57	,2023-08-02 23:19:34	,12.4060,3.9100,6.2000,6.2000,10.1100,,0,[],
341803223202308022319120001	,61413900000003760123080286638002	,6141390000000376001	,2023-08-02 23:19:12	,2023-08-02 23:19:37	,0.0000,0.0000,0.0000,0.0000,0.0000,,0,[],
341803223202308022321410001	,12426900000062680023080232733977	,1242690000006268001	,2023-08-02 23:21:47	,2023-08-02 23:24:46	,0.6400,0.2500,0.2600,0.2600,0.5100,,0,[],
341803223202308022258500001	,88303900000003170023080271913011	,8830390000000317001	,2023-08-02 22:58:54	,2023-08-02 23:29:39	,28.0400,6.3300,11.2200,11.2200,17.5500,,0,[],
341803223202308022318560001	,31101900000015200023080237445385	,3110190000001520001	,2023-08-02 23:18:56	,2023-08-02 23:30:23	,10.6700,3.3700,6.4100,6.4100,9.7800,,0,[],
341803223202308022313220001	,33401900000000770023080203985857	,3340190000000077001	,2023-08-02 23:14:48	,2023-08-02 23:33:03	,16.3100,9.6200,1.6300,1.6300,11.2500,,0,[],
341803223202308022318070001	,88306900000043920223080218720267	,8830690000004392002	,2023-08-02 23:18:07	,2023-08-02 23:36:46	,5.3900,2.1000,2.9600,2.9600,5.0600,,0,[],
341803223202308022239100001	,33401900000027680123080236487045	,3340190000002768001	,2023-08-02 22:39:11	,2023-08-02 23:36:59	,36.4700,21.5200,7.2900,7.2900,28.8100,,0,[],
341803223202308022247130001	,31401900000007270023080238613480	,3140190000000727001	,2023-08-02 22:45:27	,2023-08-02 23:38:05	,37.6200,11.8600,22.5700,22.5700,34.4300,,0,[],
341803223202308022324170001	,33401900000000530023080244943492	,3340190000000053001	,2023-08-02 23:24:20	,2023-08-02 23:41:24	,9.9000,5.8400,1.9800,1.9800,7.8200,,0,[],
341803223202308022331190001	,31101900000015200023080237451525	,3110190000001520001	,2023-08-02 23:31:20	,2023-08-02 23:42:49	,10.6600,3.3600,6.4000,6.4000,9.7600,,0,[],
341803223202308022218050001	,33405900000002810023080236060387	,3340590000000281001	,2023-08-02 22:17:30	,2023-08-02 23:48:09	,45.4900,14.3800,10.6400,10.6400,25.0200,,0,[],
341803223202308022349070001	,31101900000011470023080234539968	,3110190000001147001	,2023-08-02 23:49:08	,2023-08-02 23:49:37	,0.0000,0.0000,0.0000,0.0000,0.0000,,0,[],
341803223202308022312530001	,88306900000005530023080250673807	,8830690000000553001	,2023-08-02 23:12:49	,2023-08-02 23:51:04	,20.9500,7.4200,6.7000,6.7000,14.1200,,0,[],
341803223202308022304240001	,31101900000011480023080220833520	,3110190000001148001	,2023-08-02 23:04:24	,2023-08-02 23:51:37	,24.5240,7.7300,14.7100,14.7100,22.4400,,0,[],
341803223202308022241260001	,88315900000000420123080207581264	,8831590000000042001	,2023-08-02 22:41:27	,2023-08-02 23:54:26	,42.5500,13.7100,8.5100,8.5100,22.2200,,0,[],
341803223202308022351020001	,31401900000003670023080203677860	,3140190000000367001	,2023-08-02 23:51:07	,2023-08-02 23:55:07	,1.5300,0.4800,0.4600,0.4600,0.9400,,0,[],
341803223202308022319420001	,31401900000009020023080202559877	,3140190000000902001	,2023-08-02 23:17:24	,2023-08-02 23:53:10	,18.5900,5.8600,7.4400,7.4400,13.3000,,0,[],
341803223202308022309510001	,35402900000003320023080222953174	,3540290000000332001	,2023-08-02 23:09:56	,2023-08-02 23:55:53	,18.9800,12.6800,7.0200,7.0200,19.7000,,0,[],
341803223202308022318330001	,31401900000075030023080265904425	,3140190000007503001	,2023-08-02 23:19:05	,2023-08-02 23:56:13	,18.4100,5.8000,11.0500,11.0500,16.8500,,0,[],
341803223202308022334040001	,88302900000005410223080216651678	,8830290000000541002	,2023-08-02 23:34:05	,2023-08-02 23:57:53	,18.2600,12.1800,5.9000,5.9000,18.0800,,0,[],
341803223202308022335430001	,33401900000001420023080200717922	,3340190000000142001	,2023-08-02 23:36:04	,2023-08-02 23:59:52	,11.0300,6.5100,1.1000,1.1000,7.6100,,0,[],